S.No,Date_Time,UserName,Password
1,3/28/2019 16:23,User1,User11
2,3/28/2019 16:17,Admin1,Admin11
3,3/25/2019 18:13,User2,User22
4,3/25/2019 12:34,Admin,Admin11
5,3/25/2019 12:35,User3,User33
6,3/25/2019 18:37,Admin7,Admin77
7,3/25/2019 18:13,Admin8,Admin88
8,3/25/2019 18:14,Admin9,Admin99
9,3/25/2019 19:03,Ashish,Ashish1
10,3/27/2019 18:29,Admin9,Admin99
11,3/27/2019 18:31,User9,User99
12,3/27/2019 18:37,Mobile,Mobile1
13,3/27/2019 18:39,asd,Admin@123
14,3/27/2019 18:58,user4,User44
15,3/27/2019 19:02,User10,User100
16,3/28/2019 11:19,new,New@12
17,3/28/2019 15:58,santhana,Pandey@12
